colum_name,mean,median,standard_deviation,variance,lower,higher
person_age,27.734982657540133,26.0,6.348084103137121,40.29817178050222,20.0,144.0
person_income,66076.79910371712,55000.0,61984.21960380722,3842043479.892999,4000.0,6000000.0
person_emp_length,4.789686296787225,4.0,4.1426301488878625,17.161384550474676,0.0,123.0
loan_amnt,9589.371105859243,8000.0,6322.086645792259,39968779.556904815,500.0,35000.0
loan_int_rate,11.011694892245036,10.99,3.2404594649559466,10.50057754402258,5.42,23.22
loan_status,0.21816396059052823,0.0,0.4130056685601487,0.17057368226281538,0.0,1.0
loan_percent_income,0.1702034928332464,0.15,0.10678175634492382,0.011402343488106677,0.0,0.83
cb_person_cred_hist_length,5.804211043246064,4.0,4.055001164712727,16.44303444582157,2.0,30.0
